{
    "video": "video2678.mp4",
    "resolution": [426, 240],
    "timestamp": ["0:00:05.172", "0:00:07.775"],
    "caption": "A woman in a checkered shirt examines herself in a mirrored room adorned with a black cabinet, pink cans, and multicolored stickers, with a TV and table present.",
    "word_tags": {
        "background": ["mirrored room", "black cabinet"],
        "subject": ["woman"],
        "object": ["checkered shirt", "tv", "pink cans"],
        "subject_with_face": ["woman"]
    }
}