{
    "video": "video8039.mp4",
    "resolution": [427, 240],
    "timestamp": ["0:00:03.937", "0:00:06.373"],
    "caption": "A young man in a red T-shirt stands with folded hands between two men, with an ambulance, police car, and other vehicles parked nearby during a gray-skied day at a scene with people, bearing the label TJC in the upper left corner.",
    "word_tags": {
        "background": ["scene"],
        "subject": ["young man"],
        "object": ["police car", "red t-shirt"],
        "subject_with_face": ["young man"]
    }
}