{
    "video": "video3678.mp4",
    "resolution": [426, 240],
    "timestamp": ["0:00:06.240", "0:00:11.240"],
    "caption": "A dark-skinned woman in a black mesh dress with long red hair and large earrings speaks in front of a room with a brown wardrobe and yellow flower painting, surrounded by pink frames with the words SUBSCRIBE on one side.",
    "word_tags": {
        "background": ["room"],
        "subject": [],
        "object": ["black mesh dress", "yellow flower painting", "long red hair"],
        "subject_with_face": []
    }
}