{
    "video": "video4160.mp4",
    "resolution": [320, 240],
    "timestamp": ["0:00:02.035", "0:00:07.035"],
    "caption": "A woman in a yellow shirt and pink jacket speaks into a microphone against a cartoon backdrop with a green lawn, gray path, and trees, with the Thirteen logo in the upper right corner.",
    "word_tags": {
        "background": ["trees", "green lawn", "gray path", "cartoon backdrop"],
        "subject": ["woman"],
        "object": [],
        "subject_with_face": []
    }
}