{
    "video": "video3505.mp4",
    "resolution": [321, 240],
    "timestamp": ["0:00:00.100", "0:00:05.100"],
    "caption": "A dark-skinned man and a dark-skinned woman, both with black hair, are in a room with white walls, a fireplace, and brown furniture. The woman holds a yellow package and smiles at the camera as the logo family appears in the lower right corner.",
    "word_tags": {
        "background": ["fireplace", "brown furniture", "white walls", "room"],
        "subject": ["dark-skinned woman"],
        "object": ["yellow package"],
        "subject_with_face": ["dark-skinned woman"]
    }
}