{
    "video": "video9181.mp4",
    "resolution": [426, 240],
    "timestamp": ["0:00:00.417", "0:00:05.417"],
    "caption": "A girl in a pink T-shirt with long brown hair sits in a room with a pink wall, brown door, mirror with rhinestones, pink table, and black TV, chatting to the camera.",
    "word_tags": {
        "background": ["mirror with rhinestones", "pink wall", "room"],
        "subject": ["girl"],
        "object": ["long brown hair", "brown door", "pink t-shirt", "black tv"],
        "subject_with_face": ["girl"]
    }
}