{
    "video": "video8838.mp4",
    "resolution": [320, 240],
    "timestamp": ["0:00:00.133", "0:00:03.436"],
    "caption": "A man in a white shirt and black tie apologizes in a room with a beige floor, green wall, window, and red chairs, displayed in a medium shot from a static camera with the text colorapologize at the bottom left.",
    "word_tags": {
        "background": ["room"],
        "subject": ["man"],
        "object": ["black tie", "window", "white shirt"],
        "subject_with_face": ["man"]
    }
}