{
    "video": "video3561.mp4",
    "resolution": [426, 240],
    "timestamp": ["0:00:02.936", "0:00:06.106"],
    "caption": "A game character in a green suit repeatedly retrieves brown objects from large gray stones on a night beach setting, with views of a starry sky, sand, river, and forest.",
    "word_tags": {
        "background": ["starry sky", "river", "sand", "forest", "night beach setting"],
        "subject": [],
        "object": ["large gray stones"],
        "subject_with_face": []
    }
}