{
    "video": "video9061.mp4",
    "resolution": [426, 240],
    "timestamp": ["0:00:00.300", "0:00:05.300"],
    "caption": "A red-haired boy and a blond-haired woman stand in a room with white walls and gray floor, discussing something as the camera pans left, revealing white cabinets, tables with monitors, and a trash can.",
    "word_tags": {
        "background": ["room"],
        "subject": ["red-haired boy", "blond-haired woman"],
        "object": ["trash can"],
        "subject_with_face": ["red-haired boy", "blond-haired woman"]
    }
}