{
    "video": "video621.mp4",
    "resolution": [320, 240],
    "timestamp": ["0:00:02.202", "0:00:07.202"],
    "caption": "A man and a woman are having a conversation in a room with a beige wall, a white cabinet, and a gray shelf filled with bottles. The man is dressed in a black jacket, blue shirt, and black tie, while the woman wears a brown sweater.",
    "word_tags": {
        "background": ["beige wall", "gray shelf", "room", "white cabinet"],
        "subject": ["man", "woman"],
        "object": ["black tie", "black jacket"],
        "subject_with_face": ["man", "woman"]
    }
}