{
    "video": "video4240.mp4",
    "resolution": [320, 240],
    "timestamp": ["0:00:00.000", "0:00:02.269"],
    "caption": "A scene from The Curse of the Black Pearl shows Captain Jack Sparrow and Captain Barbossa conversing on a boat against a backdrop of a sunny day with a blue sky and white clouds, and the sea in the background.",
    "word_tags": {
        "background": ["sea", "blue sky", "white clouds"],
        "subject": ["captain jack sparrow", "captain barbossa"],
        "object": [],
        "subject_with_face": ["captain jack sparrow", "captain barbossa"]
    }
}