{
    "video": "video4492.mp4",
    "resolution": [426, 240],
    "timestamp": ["0:00:00.834", "0:00:04.705"],
    "caption": "A woman in a red-black floral dress cooks stirs food in a pot on a black stove in a kitchen with a gray-black marble countertop and beige cabinets.",
    "word_tags": {
        "background": ["gray-black marble countertop", "beige cabinets", "kitchen"],
        "subject": ["woman"],
        "object": ["red-black floral dress"],
        "subject_with_face": ["woman"]
    }
}