{
    "video": "video2310.mp4",
    "resolution": [320, 240],
    "timestamp": ["0:00:09.243", "0:00:14.243"],
    "caption": "A young man and woman sit on a beige sofa in a room with a brown bookshelf and a window, discussing something while the Good Drama Net label appears at the top left and a changing inscription is displayed at the bottom.",
    "word_tags": {
        "background": ["room"],
        "subject": ["woman", "young man"],
        "object": [],
        "subject_with_face": ["woman", "young man"]
    }
}