{
    "video": "video3458.mp4",
    "resolution": [320, 240],
    "timestamp": ["0:00:06.139", "0:00:11.139"],
    "caption": "A young woman with black hair in a green sweater and a necklace dances happily in a room with a beige wall and a brown frame, as a V is visible in the upper left corner.",
    "word_tags": {
        "background": ["beige wall", "brown frame", "room"],
        "subject": ["young woman"],
        "object": ["black hair", "green sweater"],
        "subject_with_face": ["young woman"]
    }
}