{
    "video": "video3051.mp4",
    "resolution": [426, 240],
    "timestamp": ["0:00:09.343", "0:00:11.478"],
    "caption": "A dark-skinned man in gray jacket and pants plays a brown guitar against a brick wall with black equipment and a brown floor; EMG TV is displayed at the bottom right.",
    "word_tags": {
        "background": ["brick wall", "brown floor"],
        "subject": ["dark-skinned man"],
        "object": ["brown guitar", "pants", "gray jacket", "emg tv"],
        "subject_with_face": ["dark-skinned man"]
    }
}