{
    "video": "video7583.mp4",
    "resolution": [426, 240],
    "timestamp": ["0:00:05.464", "0:00:08.676"],
    "caption": "A young woman in a blue dress speaks with a man in black leather costume during a daytime outdoor scene, surrounded by flowers and greenery.",
    "word_tags": {
        "background": ["greenery", "daytime outdoor scene", "flowers"],
        "subject": ["man", "young woman"],
        "object": ["black leather costume"],
        "subject_with_face": ["young woman"]
    }
}