{
    "video": "video709.mp4",
    "resolution": [320, 240],
    "timestamp": ["0:00:08.508", "0:00:11.970"],
    "caption": "A woman with long blond hair, wearing a pink shirt and gray cardigan, is talking in a daytime setting surrounded by green trees, a building, and grass.",
    "word_tags": {
        "background": ["daytime setting", "building", "grass"],
        "subject": ["woman"],
        "object": ["gray cardigan", "long blond hair", "pink shirt"],
        "subject_with_face": ["woman"]
    }
}