{
    "video": "video8715.mp4",
    "resolution": [426, 240],
    "timestamp": ["0:00:12.880", "0:00:17.880"],
    "caption": "A dark-skinned boy in a red T-shirt and black sneakers dribbles a basketball on a concrete path while a dark-skinned man watches from the side in a daytime scene, filmed with a handheld camera and presented in a blue frame, labeled ELITE MIXTAPES.",
    "word_tags": {
        "background": ["daytime scene", "concrete path"],
        "subject": ["dark-skinned boy"],
        "object": ["blue frame"],
        "subject_with_face": []
    }
}