{
    "video": "video7497.mp4",
    "resolution": [320, 240],
    "timestamp": ["0:00:00.583", "0:00:05.583"],
    "caption": "Two people, one dark-skinned woman in a purple shirt and one light-skinned man in a black shirt, speak in front of a FOX News backdrop with a city photo and text, while black bars appear at the top and bottom.",
    "word_tags": {
        "background": ["fox news backdrop", "city photo"],
        "subject": ["light-skinned man", "dark-skinned woman"],
        "object": ["purple shirt", "black shirt"],
        "subject_with_face": ["light-skinned man", "dark-skinned woman"]
    }
}