{
    "video": "video585.mp4",
    "resolution": [426, 240],
    "timestamp": ["0:00:00.701", "0:00:05.701"],
    "caption": "A young woman with blonde hair, wearing a gray top and gold necklace, sits on a gray sofa in a room with a white door and rug, discussing something as a red bag and black shoes are visible.",
    "word_tags": {
        "background": ["room"],
        "subject": ["young woman"],
        "object": ["white door", "red bag"],
        "subject_with_face": ["young woman"]
    }
}