{
    "video": "video1889.mp4",
    "resolution": [426, 240],
    "timestamp": ["0:00:00.000", "0:00:05.000"],
    "caption": "A hand in a black jacket touches the ground in a close-up shot against a backdrop of brown soil, green grass, and small plants, with the Nat Geo logo in the corner during daytime.",
    "word_tags": {
        "background": ["green grass", "small plants", "brown soil"],
        "subject": ["hand"],
        "object": ["black jacket"],
        "subject_with_face": []
    }
}