{
    "video": "video5137.mp4",
    "resolution": [320, 240],
    "timestamp": ["0:00:08.976", "0:00:12.480"],
    "caption": "A woman and her daughter chat happily with each other among a backdrop of various plants and flowers, with text at the bottom expressing their affectionate feelings towards a man described as fluffy and walking ball of love.",
    "word_tags": {
        "background": ["various plants and flowers"],
        "subject": ["daughter"],
        "object": [],
        "subject_with_face": ["daughter"]
    }
}