{
    "video": "video6032.mp4",
    "resolution": [426, 240],
    "timestamp": ["0:00:08.008", "0:00:10.010"],
    "caption": "A girl in a black T-shirt with long brown hair and a silver necklace stands in a room with a view of a blue sky, green grass, and a yellow sun through a picture on the wall, speaking to the camera.",
    "word_tags": {
        "background": ["room", "blue sky"],
        "subject": ["girl"],
        "object": ["long brown hair", "yellow sun", "black t-shirt"],
        "subject_with_face": ["girl"]
    }
}