{
    "video": "video4212.mp4",
    "resolution": [320, 240],
    "timestamp": ["0:00:00.734", "0:00:05.734"],
    "caption": "A young woman in a striped sweater talks to the camera in a room with a white wall, black sofa, and black painting, while a shelf holds a picture, red cup, and blue candles.",
    "word_tags": {
        "background": ["room", "shelf", "white wall"],
        "subject": ["young woman"],
        "object": ["black painting", "red cup", "black sofa"],
        "subject_with_face": ["young woman"]
    }
}