{
    "video": "video3073.mp4",
    "resolution": [426, 240],
    "timestamp": ["0:00:13.720", "0:00:16.720"],
    "caption": "An old woman in a red jacket, black-yellow scarf, and black glasses speaks to the camera near a beige cathedral with a green roof and a crowd of people on a gray road during a sunny day.",
    "word_tags": {
        "background": ["cathedral", "gray road"],
        "subject": ["old woman"],
        "object": ["red jacket"],
        "subject_with_face": ["old woman"]
    }
}