{
    "video": "video3877.mp4",
    "resolution": [426, 240],
    "timestamp": ["0:00:00.000", "0:00:05.000"],
    "caption": "A woman in a black jacket speaks in front of a split screen with a photo of green bottles and a white bottle labeled Roundup on it, with the text National at the top right.",
    "word_tags": {
        "background": ["split screen"],
        "subject": ["woman"],
        "object": ["white bottle labeled roundup", "black jacket"],
        "subject_with_face": ["woman"]
    }
}