{
    "video": "video962.mp4",
    "resolution": [426, 240],
    "timestamp": ["0:00:00.440", "0:00:05.440"],
    "caption": "A man wearing a skull-patterned cap and a dog print T-shirt, and a woman with black hair and a pink sweater, sit on a white sofa in a Christmas-decorated room while she paints something with a brush and palette.",
    "word_tags": {
        "background": ["christmas-decorated room"],
        "subject": ["man", "woman"],
        "object": ["dog print t-shirt", "pink sweater", "skull-patterned cap"],
        "subject_with_face": ["man", "woman"]
    }
}