{
    "video": "video6123.mp4",
    "resolution": [426, 240],
    "timestamp": ["0:00:10.177", "0:00:15.177"],
    "caption": "A woman in a white T-shirt and jeans helps a young child with black hair get out of a stroller in a sunny yard with a green lawn, brown fence, and brick wall.",
    "word_tags": {
        "background": ["sunny yard", "brown fence", "brick wall", "green lawn"],
        "subject": ["child"],
        "object": ["white t-shirt", "jeans", "stroller"],
        "subject_with_face": []
    }
}