{
    "video": "video4936.mp4",
    "resolution": [426, 240],
    "timestamp": ["0:00:04.233", "0:00:09.233"],
    "caption": "A person walks through a sunlit room with beige floor and gray-brown walls, showing a gray-white-red structure in the corner with gray translucent icons on a frame.",
    "word_tags": {
        "background": ["beige floor", "sunlit room", "gray-brown walls"],
        "subject": [],
        "object": ["gray-white-red structure", "gray translucent icons"],
        "subject_with_face": []
    }
}