{
    "video": "video1631.mp4",
    "resolution": [426, 240],
    "timestamp": ["0:00:21.688", "0:00:25.992"],
    "caption": "A man in a white shirt, black hat, suspenders, and dark shorts stands by a large body of water speaking animatedly while surrounded by numerous boats and a city in the background.",
    "word_tags": {
        "background": ["city", "large body of water"],
        "subject": ["man"],
        "object": ["black hat", "white shirt"],
        "subject_with_face": ["man"]
    }
}