{
    "video": "video8691.mp4",
    "resolution": [320, 240],
    "timestamp": ["0:00:00.040", "0:00:05.040"],
    "caption": "A police officer talks to a woman and another man under a sunny sky in a parking lot with a brown building in the background, while the 5&8 logo is visible in the bottom left corner.",
    "word_tags": {
        "background": ["parking lot", "brown building", "sunny sky"],
        "subject": ["police officer", "woman"],
        "object": [],
        "subject_with_face": ["police officer"]
    }
}