{
    "video": "video3118.mp4",
    "resolution": [320, 240],
    "timestamp": ["0:00:03.200", "0:00:06.480"],
    "caption": "A dark-skinned woman in a blue dress walks along a sunny dirt road past a pile of stones, which is filmed from a handheld camera. A white and orange logo is visible in the upper right corner.",
    "word_tags": {
        "background": ["dirt road"],
        "subject": ["dark-skinned woman"],
        "object": ["white and orange logo"],
        "subject_with_face": []
    }
}