{
    "video": "video4367.mp4",
    "resolution": [426, 240],
    "timestamp": ["0:00:06.133", "0:00:08.466"],
    "caption": "A still image of a bear climbing a tree is displayed on a computer screen with the Time Machine app open, showing the time and date as 10:01 pm on February 1, 2012, with multiple clocks displaying zeros.",
    "word_tags": {
        "background": ["computer screen", "time machine app"],
        "subject": [],
        "object": ["tree"],
        "subject_with_face": []
    }
}