{
    "video": "video2892.mp4",
    "resolution": [426, 240],
    "timestamp": ["0:00:08.475", "0:00:10.777"],
    "caption": "A man and a woman, one with short black hair and wearing a black T-shirt, blue jeans, and black shoes, and the other with long black hair and wearing a white T-shirt, white pants, and black shoes, are walking on a sunny hill.",
    "word_tags": {
        "background": ["sunny hill"],
        "subject": ["man", "woman"],
        "object": ["black t-shirt"],
        "subject_with_face": []
    }
}