{
    "video": "video2265.mp4",
    "resolution": [320, 240],
    "timestamp": ["0:00:00.267", "0:00:05.267"],
    "caption": "A middle-aged man in sunglasses, wearing a striped polo shirt, stands next to a car with an open hood and talks to the camera for autobytel.com, a red logo with the text Your online car dealership visible.",
    "word_tags": {
        "background": ["car"],
        "subject": ["man"],
        "object": ["your online car dealership", "striped polo shirt"],
        "subject_with_face": ["man"]
    }
}