{
    "video": "video5309.mp4",
    "resolution": [426, 240],
    "timestamp": ["0:00:00.467", "0:00:05.467"],
    "caption": "A young man named Mark, identified by English and Chinese text, sits on a green lawn chatting with the camera while a group of people passes by on a path, under a sunny blue sky, next to a beige-brown building.",
    "word_tags": {
        "background": ["sunny blue sky", "beige-brown building", "green lawn"],
        "subject": ["young man"],
        "object": ["path"],
        "subject_with_face": ["young man"]
    }
}