{
    "video": "video6614.mp4",
    "resolution": [438, 240],
    "timestamp": ["0:00:02.569", "0:00:07.569"],
    "caption": "A woman identified as Taylor Swift sings into a microphone in a silver dress with rhinestones against a blue backdrop with white patterns, with a C symbol and her name displayed in the corners.",
    "word_tags": {
        "background": ["blue backdrop with white patterns"],
        "subject": ["taylor swift"],
        "object": ["silver dress with rhinestones", "c symbol", "her name"],
        "subject_with_face": ["taylor swift"]
    }
}