{
    "video": "video5478.mp4",
    "resolution": [426, 240],
    "timestamp": ["0:00:23.899", "0:00:25.984"],
    "caption": "In a room with a black and white decor, a man in a black suit and a woman in a pink dress with a tiara discuss business at Crown Diva Boutique & Instagram Agency, surrounded by colorful dresses.",
    "word_tags": {
        "background": ["room"],
        "subject": ["man", "woman"],
        "object": ["pink dress", "black suit"],
        "subject_with_face": ["man", "woman"]
    }
}