{
    "video": "video2955.mp4",
    "resolution": [426, 240],
    "timestamp": ["0:00:08.108", "0:00:11.979"],
    "caption": "A fair-skinned girl in a red and white T-shirt straightens her hair using a black hair straightener in a brightly lit room with brown floor, white walls, a black chest of drawers, a white bedside table, and a gray sofa.",
    "word_tags": {
        "background": ["brightly lit room", "gray sofa", "white walls", "brown floor"],
        "subject": ["fair-skinned girl"],
        "object": [],
        "subject_with_face": ["fair-skinned girl"]
    }
}