{
    "video": "video1831.mp4",
    "resolution": [426, 240],
    "timestamp": ["0:00:03.904", "0:00:07.875"],
    "caption": "A girl in a gray T-shirt and blue shorts jumps on a pink-bordered trampoline in a sunny yard with a beige house and green trees in the background.",
    "word_tags": {
        "background": ["sunny yard", "beige house", "green trees"],
        "subject": ["girl"],
        "object": ["pink-bordered trampoline", "gray t-shirt", "blue shorts"],
        "subject_with_face": ["girl"]
    }
}