{
    "video": "video5489.mp4",
    "resolution": [427, 240],
    "timestamp": ["0:00:00.160", "0:00:04.720"],
    "caption": "A dark-skinned person wearing a pink jacket, black pants, and black shoes walks through a cornfield in daytime, with the text REEF CAMP, LONG-DEAD MEXICO DRUG LORD KILLED displayed at the bottom and the N, TV logo in the lower right corner.",
    "word_tags": {
        "background": ["cornfield"],
        "subject": ["dark-skinned person"],
        "object": ["pink jacket", "black pants"],
        "subject_with_face": []
    }
}