{
    "video": "video4444.mp4",
    "resolution": [426, 240],
    "timestamp": ["0:00:05.120", "0:00:08.680"],
    "caption": "A dark-skinned man in a blue T-shirt discusses a metal part with a white counterpart, showing both to the camera in a lit room with a white brick wall background.",
    "word_tags": {
        "background": ["white brick wall", "lit room"],
        "subject": ["dark-skinned man"],
        "object": ["blue t-shirt"],
        "subject_with_face": ["dark-skinned man"]
    }
}