{
    "video": "video7345.mp4",
    "resolution": [320, 240],
    "timestamp": ["0:00:09.142", "0:00:14.142"],
    "caption": "A middle-aged man in a white shirt speaks in a dimly lit room with a yellow wall and a window, with the website address edtropa.org visible in the bottom left corner.",
    "word_tags": {
        "background": ["dimly lit room", "yellow wall"],
        "subject": ["middle-aged man"],
        "object": ["window", "white shirt", "website address"],
        "subject_with_face": ["middle-aged man"]
    }
}