{
    "video": "video192.mp4",
    "resolution": [426, 240],
    "timestamp": ["0:00:03.203", "0:00:05.672"],
    "caption": "A young man with brown hair sits in a room, examining a black ring on his hand as a camera pans around the white-walled space with a gray floor and a transparent box containing various items.",
    "word_tags": {
        "background": ["gray floor", "white-walled space"],
        "subject": ["young man"],
        "object": ["brown hair", "transparent box", "black ring"],
        "subject_with_face": ["young man"]
    }
}