{
    "video": "video7700.mp4",
    "resolution": [426, 240],
    "timestamp": ["0:00:00.367", "0:00:05.367"],
    "caption": "A man in beige hat and white shirt stands near a river with two tall buildings and green trees in the background, discussing something into a camera labeled FISHMARKET.",
    "word_tags": {
        "background": ["two tall buildings", "river", "green trees"],
        "subject": ["man"],
        "object": ["white shirt", "beige hat"],
        "subject_with_face": ["man"]
    }
}