{
    "video": "video8629.mp4",
    "resolution": [426, 240],
    "timestamp": ["0:00:03.003", "0:00:06.256"],
    "caption": "A young woman in a gray sweater, with long black hair, speaks to the camera in a room with a yellow floral-patterned wall, a white cabinet, and a decorated Christmas tree.",
    "word_tags": {
        "background": ["room", "yellow floral-patterned wall"],
        "subject": ["young woman"],
        "object": ["long black hair", "gray sweater"],
        "subject_with_face": ["young woman"]
    }
}