{
    "video": "video7425.mp4",
    "resolution": [426, 240],
    "timestamp": ["0:00:05.472", "0:00:10.472"],
    "caption": "A middle-aged news anchor with dark hair and glasses speaks in a blue-walled studio, with the CRN NOW identification visible in the top right corner.",
    "word_tags": {
        "background": ["blue-walled studio"],
        "subject": ["middle-aged news anchor"],
        "object": ["glasses", "dark hair"],
        "subject_with_face": ["middle-aged news anchor"]
    }
}