{
    "video": "video1766.mp4",
    "resolution": [426, 240],
    "timestamp": ["0:00:09.633", "0:00:12.533"],
    "caption": "In a white-themed room with blue patterns on the floor, a light-skinned man and woman sit at a table with a white tablecloth, drinking tea, while she wears a pink shirt and black pants, and he wears an orange shirt and black pants.",
    "word_tags": {
        "background": ["white-themed room", "blue patterns"],
        "subject": ["light-skinned man", "woman"],
        "object": ["orange shirt", "pink shirt"],
        "subject_with_face": []
    }
}