{
    "video": "video7578.mp4",
    "resolution": [427, 240],
    "timestamp": ["0:00:00.000", "0:00:05.000"],
    "caption": "A woman in a brown shirt and a man in a black suit discuss matters at a table filled with fruits and water bottles, with the word LOPEZ displayed on a black screen behind them.",
    "word_tags": {
        "background": ["water bottles", "fruits", "black screen", "lopez"],
        "subject": ["man", "woman"],
        "object": ["black suit"],
        "subject_with_face": ["man", "woman"]
    }
}