{
    "video": "video4928.mp4",
    "resolution": [320, 240],
    "timestamp": ["0:00:08.342", "0:00:12.980"],
    "caption": "A man in a blue shirt and black tie sits in a room with a white wall, brown chair, gold-framed picture, and a burning white candle, speaking while looking off-camera.",
    "word_tags": {
        "background": ["room", "white wall"],
        "subject": ["man"],
        "object": ["blue shirt", "black tie", "burning white candle"],
        "subject_with_face": ["man"]
    }
}