{
    "video": "video9418.mp4",
    "resolution": [426, 240],
    "timestamp": ["0:00:00.375", "0:00:05.375"],
    "caption": "A man in a room with a brown floor, brown wall, and window with white curtains, sits on a gray carpet wearing a black jacket, white shirt, and blue tie, talking while a globe rests on a table nearby, and it's daytime outside.",
    "word_tags": {
        "background": ["brown wall", "daytime", "room", "brown floor"],
        "subject": ["man"],
        "object": ["window", "table", "blue tie", "black jacket"],
        "subject_with_face": ["man"]
    }
}