{
    "video": "video3850.mp4",
    "resolution": [320, 240],
    "timestamp": ["0:00:08.680", "0:00:13.680"],
    "caption": "A woman in a kitchen with a white and brown countertop, oven, and fridge, wears a red apron, and speaks while preparing a dish using a clear bowl and black pan. (Giulia_Zefferro)",
    "word_tags": {
        "background": ["white and brown countertop", "kitchen"],
        "subject": ["woman"],
        "object": ["fridge", "red apron", "clear bowl", "oven", "black pan"],
        "subject_with_face": ["woman"]
    }
}