{
    "video": "video5864.mp4",
    "resolution": [320, 240],
    "timestamp": ["0:00:00.000", "0:00:05.000"],
    "caption": "A man in a beige suit, wearing a green cap and waving his hands, shouts in a dimly lit room with a window and a dark staircase, as the video displays TCM in the upper right corner.",
    "word_tags": {
        "background": ["dimly lit room", "dark staircase"],
        "subject": ["man"],
        "object": ["green cap", "beige suit"],
        "subject_with_face": ["man"]
    }
}