{
    "video": "video3907.mp4",
    "resolution": [426, 240],
    "timestamp": ["0:00:00.333", "0:00:05.266"],
    "caption": "A cartoon scene shows a dog relaxing on a blue pillow amidst a green lawn, trees, and mushrooms, with a bottle and bone nearby, accompanied by signs for HOME ANIMAL GAMES and SKIP.",
    "word_tags": {
        "background": ["trees", "green lawn"],
        "subject": [],
        "object": ["bottle", "blue pillow", "home animal games"],
        "subject_with_face": []
    }
}