{
    "video": "video6441.mp4",
    "resolution": [426, 240],
    "timestamp": ["0:00:15.315", "0:00:20.253"],
    "caption": "A red car drives down a city road filled with tall buildings, trees, and cars, while the camera moves around to capture the view on a sunny day. (Security text and time stamp are displayed in the corners.)",
    "word_tags": {
        "background": ["trees", "tall buildings", "city road"],
        "subject": ["red car"],
        "object": ["tall buildings"],
        "subject_with_face": []
    }
}