{
    "video": "video8496.mp4",
    "resolution": [426, 240],
    "timestamp": ["0:00:00.234", "0:00:05.234"],
    "caption": "A girl in a blue dress sings into a microphone in a room with green walls, a white bed, and various decorations, including a zebra-print mirror and pictures in pink and black frames, while a teddy bear sits nearby.",
    "word_tags": {
        "background": ["room"],
        "subject": ["girl", "teddy bear"],
        "object": ["zebra-print mirror", "microphone"],
        "subject_with_face": ["girl"]
    }
}