{
    "video": "video2076.mp4",
    "resolution": [426, 240],
    "timestamp": ["0:00:08.408", "0:00:12.913"],
    "caption": "A man speaks in a dark room with a projector displaying the text BE A SAFE HAVEN FROM WORK... WORK... as he gestures, dressed in a black microphone, a black shirt, a striped blue and white shirt, and black pants.",
    "word_tags": {
        "background": ["dark room"],
        "subject": ["man"],
        "object": ["black shirt", "black pants", "striped blue and white shirt"],
        "subject_with_face": ["man"]
    }
}