{
    "video": "video198.mp4",
    "resolution": [426, 240],
    "timestamp": ["0:00:04.320", "0:00:08.920"],
    "caption": "A young man in a gray sweater and black polo shirt, identified as an Alfonso Rivera Automotive Systems student with a Mexican flag, speaks in a well-lit room next to a white machine with a black wheel.",
    "word_tags": {
        "background": ["well-lit room"],
        "subject": ["alfonso rivera automotive systems student"],
        "object": ["black polo shirt", "mexican flag", "black wheel"],
        "subject_with_face": ["alfonso rivera automotive systems student"]
    }
}