{
    "video": "video3533.mp4",
    "resolution": [426, 240],
    "timestamp": ["0:00:05.667", "0:00:07.709"],
    "caption": "A man and woman in white shirts sit and talk with a beige wall in the background. (The man has short dark hair, and the woman has long dark hair and a white headband.)",
    "word_tags": {
        "background": ["beige wall"],
        "subject": ["man", "woman"],
        "object": ["long dark hair", "white shirts", "short dark hair", "white headband"],
        "subject_with_face": ["man", "woman"]
    }
}