{
    "video": "video8269.mp4",
    "resolution": [426, 240],
    "timestamp": ["0:00:00.000", "0:00:05.000"],
    "caption": "A middle-aged man with gray hair and beard, dressed in white shirt and black jacket, appears against a blue and white wall, speaking to the camera with the text 1+1=13 overlaid in the upper right corner.",
    "word_tags": {
        "background": ["blue and white wall"],
        "subject": ["middle-aged man"],
        "object": ["text 1+1=13", "gray hair", "white shirt", "black jacket"],
        "subject_with_face": ["middle-aged man"]
    }
}