{
    "video": "video9111.mp4",
    "resolution": [426, 240],
    "timestamp": ["0:00:00.000", "0:00:03.270"],
    "caption": "A still image of a light-skinned woman with dark hair in a white dress is shown on a computer screen, with the text Brightness/Contrast and Levels highlighted in photo editing software.",
    "word_tags": {
        "background": ["computer screen"],
        "subject": ["light-skinned woman"],
        "object": [],
        "subject_with_face": ["light-skinned woman"]
    }
}