{
    "video": "video4975.mp4",
    "resolution": [426, 240],
    "timestamp": ["0:00:06.840", "0:00:11.720"],
    "caption": "A middle-aged man wearing a green headband, sunglasses, and a green camouflage jacket stands on a sunny street, looking to the right, near a brown brick building with a white window and air conditioner, as the description is from Vice News.",
    "word_tags": {
        "background": ["sunny street", "brown brick building"],
        "subject": ["middle-aged man"],
        "object": ["green headband", "air conditioner", "sunglasses"],
        "subject_with_face": ["middle-aged man"]
    }
}