{
    "video": "video8325.mp4",
    "resolution": [426, 240],
    "timestamp": ["0:00:02.794", "0:00:06.840"],
    "caption": "A dark-skinned chef prepares food in a white room as a light-skinned man with dark hair takes photos with a camera, with the W and WT logo in the corner.",
    "word_tags": {
        "background": ["white room"],
        "subject": ["light-skinned man", "dark-skinned chef"],
        "object": ["food"],
        "subject_with_face": ["light-skinned man", "dark-skinned chef"]
    }
}