{
    "video": "video8195.mp4",
    "resolution": [426, 240],
    "timestamp": ["0:00:07.341", "0:00:11.387"],
    "caption": "At night, a man dances in front of the camera next to two parked cars on a dirt road with trees in the background. He wears a black T-shirt, white coat, blue jeans, and black shoes, and the frame has black horizontal lines at the top and bottom.",
    "word_tags": {
        "background": ["trees", "night", "dirt road"],
        "subject": ["man"],
        "object": ["blue jeans"],
        "subject_with_face": []
    }
}