{
    "video": "video2199.mp4",
    "resolution": [320, 240],
    "timestamp": ["0:00:02.035", "0:00:07.035"],
    "caption": "A dark-skinned football player runs on a green field with American football posters and microphones in a room with black walls and stands, and the video ends with a graph displaying his heart rate of 141 beats per minute.",
    "word_tags": {
        "background": ["green field", "room with black walls"],
        "subject": ["dark-skinned football player"],
        "object": [],
        "subject_with_face": []
    }
}