{
    "video": "video4952.mp4",
    "resolution": [426, 240],
    "timestamp": ["0:00:02.120", "0:00:04.400"],
    "caption": "A woman in a green jacket and pink T-shirt sings into a microphone against a backdrop of alternating purple and red lights, while a dark red room is shown in the background with Meer Blind Auditions and Abonneren inscriptions and The Voice logo.",
    "word_tags": {
        "background": ["dark red room", "meer blind auditions and abonneren inscriptions"],
        "subject": ["woman"],
        "object": [],
        "subject_with_face": ["woman"]
    }
}