{
    "video": "video9685.mp4",
    "resolution": [426, 240],
    "timestamp": ["0:00:07.760", "0:00:10.520"],
    "caption": "A woman in blue shirt, black pants, and black shoes dances in front of palm trees, a building, and a white fence during daytime, with the text AWESOME displayed at the bottom left.",
    "word_tags": {
        "background": ["white fence", "palm trees", "building"],
        "subject": ["woman"],
        "object": ["blue shirt", "black pants"],
        "subject_with_face": ["woman"]
    }
}