{
    "video": "video3433.mp4",
    "resolution": [426, 240],
    "timestamp": ["0:00:15.015", "0:00:20.015"],
    "caption": "A boy with red hair sits on a blue carpet with a dinosaur balloon, holding a beige egg, surrounded by green bushes and a fence, under a daytime sky. A small cartoon character appears in a yellow circle in the corner.",
    "word_tags": {
        "background": ["blue carpet", "green bushes", "daytime sky", "fence"],
        "subject": ["small cartoon character", "boy", "dinosaur balloon"],
        "object": ["yellow circle", "beige egg"],
        "subject_with_face": ["boy"]
    }
}