{
    "video": "video6373.mp4",
    "resolution": [320, 240],
    "timestamp": ["0:00:00.000", "0:00:05.000"],
    "caption": "A woman in a blue top, gray cardigan, and black shorts stands and talks on a white mat in front of a brick house with green grass and trees in the back.",
    "word_tags": {
        "background": ["green grass", "brick house", "trees"],
        "subject": ["woman"],
        "object": ["white mat", "black shorts", "blue top"],
        "subject_with_face": ["woman"]
    }
}