{
    "video": "video186.mp4",
    "resolution": [426, 240],
    "timestamp": ["0:00:07.680", "0:00:09.960"],
    "caption": "A middle-aged man in a beige shirt with the text AUSTRALIA 2007 and a black watch, speaking in a room with white walls, ceiling, and shelves, and a black monitor, keyboard, and mouse. The scene is filmed by a handheld camera from the man's perspective, with BBC in the corner.",
    "word_tags": {
        "background": ["shelves", "white walls", "room", "ceiling"],
        "subject": ["middle-aged man"],
        "object": ["beige shirt"],
        "subject_with_face": ["middle-aged man"]
    }
}