{
    "video": "video9366.mp4",
    "resolution": [426, 240],
    "timestamp": ["0:00:08.275", "0:00:13.275"],
    "caption": "A girl in a green sweater and purple skirt talks in a room with gray walls, a brown cabinet, a green plant, a brown toy monkey, and yellow curtains.",
    "word_tags": {
        "background": ["gray walls", "room"],
        "subject": ["girl"],
        "object": ["brown cabinet", "green sweater", "purple skirt", "brown toy monkey", "green plant"],
        "subject_with_face": []
    }
}