{
    "video": "video1750.mp4",
    "resolution": [426, 240],
    "timestamp": ["0:00:02.202", "0:00:07.202"],
    "caption": "A woman in a gray sweater and blue checkered dress stands in a room with orange walls, a beige floor, a black fence, a black and white painting, and another painting with hieroglyphs, discussing something with the camera.",
    "word_tags": {
        "background": ["room"],
        "subject": ["woman"],
        "object": ["black fence", "blue checkered dress", "painting with hieroglyphs"],
        "subject_with_face": ["woman"]
    }
}