{
    "video": "video9593.mp4",
    "resolution": [426, 240],
    "timestamp": ["0:00:00.000", "0:00:02.369"],
    "caption": "A dark-skinned man in a black hoodie and white T-shirt speaks in a dimly lit room with a green staircase, while the words FOX and CHANNEL appear in the bottom left corner.",
    "word_tags": {
        "background": ["dimly lit room", "green staircase"],
        "subject": ["dark-skinned man"],
        "object": ["black hoodie"],
        "subject_with_face": ["dark-skinned man"]
    }
}