{
    "video": "video7946.mp4",
    "resolution": [426, 240],
    "timestamp": ["0:00:10.594", "0:00:12.971"],
    "caption": "A man in a brown jacket and black T-shirt, with brown hair and black-rimmed glasses, is seated in a dimly lit room with a brown wooden wall and black leather chair.",
    "word_tags": {
        "background": ["dimly lit room", "brown wooden wall"],
        "subject": ["man"],
        "object": ["black leather chair", "black-rimmed glasses", "brown jacket", "black t-shirt", "brown hair"],
        "subject_with_face": ["man"]
    }
}