{
    "video": "video8737.mp4",
    "resolution": [320, 240],
    "timestamp": ["0:00:02.700", "0:00:07.700"],
    "caption": "A man in a blue sweater and black pants with a Dalmatian dog examine a green diamond-shaped icon on a wall in a room with brown floor, green walls, and a gray stone section.",
    "word_tags": {
        "background": ["green walls", "room", "gray stone section", "brown floor"],
        "subject": ["dalmatian dog"],
        "object": [],
        "subject_with_face": []
    }
}