{
    "video": "video4652.mp4",
    "resolution": [426, 240],
    "timestamp": ["0:00:05.339", "0:00:10.339"],
    "caption": "A young woman in a room with brown decor sits in a chair wearing a white T-shirt and blue sweatshirt, speaking while text STEVEN AND THE Happy GoLucky and setting switch: i.b. appear on screen.",
    "word_tags": {
        "background": ["brown decor", "room"],
        "subject": ["young woman"],
        "object": ["blue sweatshirt"],
        "subject_with_face": ["young woman"]
    }
}