{
    "video": "video8319.mp4",
    "resolution": [426, 240],
    "timestamp": ["0:00:08.008", "0:00:10.969"],
    "caption": "A light-skinned man in a black jacket with brown hair speaks in a dimly lit room with brown curtains, and the description mentions Multiple Sclerosis in the lower right corner.",
    "word_tags": {
        "background": ["dimly lit room"],
        "subject": ["light-skinned man"],
        "object": ["black jacket"],
        "subject_with_face": ["light-skinned man"]
    }
}