{
    "video": "video9579.mp4",
    "resolution": [426, 240],
    "timestamp": ["0:00:00.000", "0:00:03.971"],
    "caption": "Two men in a well-lit kitchen discuss things while the camera pans right, revealing a modern kitchen setup with white walls, beige cabinets, and countertop with utensils. One man has short brown hair and wears a white shirt, while the other has short black hair, gray T-shirt, and black-framed glasses.",
    "word_tags": {
        "background": ["modern kitchen setup", "kitchen"],
        "subject": ["man"],
        "object": [],
        "subject_with_face": ["man"]
    }
}