{
    "video": "video3040.mp4",
    "resolution": [426, 240],
    "timestamp": ["0:00:00.934", "0:00:03.470"],
    "caption": "A man in a white shirt and red necklace, standing next to a tree trunk, examines a red object in a dimly lit setting, with Studio One labeled in the top left corner and Studio at the bottom right.",
    "word_tags": {
        "background": ["dimly lit setting"],
        "subject": ["man", "tree trunk"],
        "object": ["studio one", "white shirt"],
        "subject_with_face": ["man"]
    }
}