{
    "video": "video3168.mp4",
    "resolution": [320, 240],
    "timestamp": ["0:00:00.417", "0:00:05.417"],
    "caption": "A dark-skinned woman in a white T-shirt and brown jacket talks in a dimly lit room with a gray wall, brown door, white-framed window, and a painting.",
    "word_tags": {
        "background": ["dimly lit room", "gray wall"],
        "subject": ["dark-skinned woman"],
        "object": ["brown jacket", "white t-shirt", "white-framed window"],
        "subject_with_face": ["dark-skinned woman"]
    }
}